locality,year,price,total_taxable_income,num_taxable_income,taxable_income_per_person,num_tax_payers,total_tax,tax_per_person,num_salary_earners,total_salary,salary_per_person,postcode
ABBOTSFORD,2021,1375000,1779826373,16573,107393.13178060701,14317,504227326,35218.783683732625,13136,1277522353,97253.5287,2046
ABERFELDIE,2021,1700000,1874714219,17616,106421.1068914623,15261,538402454,35279.63134788022,14137,1174976595,83113.57395,3040
AINTREE,2021,717500,,,,,,,,,,
AIREYS INLET,2021,1522000,76999943,981,78491.27726809378,796,19684764,24729.603015075376,628,40449856,64410.59872611465,3231
AIRPORT WEST,2021,889500,755018651,10031,75268.53264878875,8710,172542612,19809.714351320323,8313,627389954,75470.94358234091,3042
ALBANVALE,2021,579000,1324521537,27263,48583.11766863515,22340,224190331,10035.37739480752,22735,1149396440,50556.25423356059,3021
ALBERT PARK,2021,2390000,444172477,7442,59684.55751142166,6532,84946018,13004.595529699938,6292,388807441,61793.93531468532,5014
ALBION,2021,950000,207335862,2691,77047.88628762541,2429,47083256,19383.802387813914,2297,174473308,75957.03439268611,4010
ALEXANDRA,2021,402500,122227254,2139,57142.24123,1728,24980081,14456.065393518518,1535,83779751,54579.64234527687,3714
ALFREDTON,2021,585000,,,,,,,,,,
ALLANSFORD,2021,,77409551,1153,67137.51171,1006,17050600,16948.906560636184,849,49984040,58874.01648998822,3277
ALPHINGTON,2021,2600000,805200316,7931,101525.6986508637,6974,221952303,31825.68153140235,6546,589222706,90012.63458600672,3078
ALTONA,2021,957500,241174380,3760,64142.12234042553,3232,49524620,15323.211633663366,3037,190638401,62771.94632861376,5351
ALTONA EAST,2021,910500,,,,,,,,,,
ALTONA MEADOWS,2021,640000,999066345,16154,61846.37520118856,13844,198735739,14355.369763074255,13929,897363906,64424.14430325221,3028
ALTONA NORTH,2021,865000,521073399,6833,76258.36367627689,5977,120008213,20078.335787184205,5706,432377753,75775.98194882579,3025
ANGLESEA,2021,1200000,143042099,1901,75245.71225670699,1525,35646416,23374.699016393442,1246,82755650,66417.05457463884,3230
APOLLO BAY,2021,862500,112894822,1918,58860.69968717414,1572,23026093,14647.641857506362,1398,80742261,57755.55150214592,7150
ARARAT,2021,286000,,,,,,,,,,
ARDEER,2021,658000,110726523,1930,57371.255440414505,1625,21022795,12937.104615384615,1632,98107771,60115.05575980392,3022
ARMADALE,2021,2197500,923081878,6676,138268.70551228282,5890,292052052,49584.38913412564,4985,508057559,101917.26359077232,3143
ARMSTRONG CREEK,2021,597500,846708231,9017,93901.32316735057,7569,227115878,30006.061302681992,6806,595999495,87569.71716132824,4520
ASCOT (GREATER BENDIGO),2021,463000,,,,,,,,,,
ASCOT VALE,2021,1175000,1627561339,19444,83705.06783583625,16842,404704862,24029.501365633536,16464,1296118633,78724.40676627794,3032
ASHBURTON,2021,1650000,882451960,9297,94917.92621,7769,238496870,30698.528768181233,7281,655380159,90012.38277709106,3147
ASHWOOD,2021,1350000,882451960,9297,94917.92621,7769,238496870,30698.528768181233,7281,655380159,90012.38277709106,3147
ASPENDALE,2021,1150000,1878124210,23164,81079.44266965982,19762,455902876,23069.672907600445,18885,1503287284,79602.18607360339,3195
ASPENDALE GARDENS,2021,1070000,1878124210,23164,81079.44266965982,19762,455902876,23069.672907600445,18885,1503287284,79602.18607360339,3195
ATTWOOD,2021,880000,373844433,5825,64179.30180257511,4997,77099323,15429.122073243947,4934,327057426,66286.46655857317,3049
AVENEL,2021,500000,42310673,696,60791.19683908046,574,9048781,15764.426829268292,525,29663187,56501.30857142857,3664
AVOCA,2021,268000,7247471,156,46458.14743589744,127,1311194,10324.36220472441,122,5812323,47641.99180327869,7213
AVONDALE HEIGHTS,2021,841000,470806218,6669,70596.22402159244,5627,105471554,18743.834014572596,5209,373816839,71763.64734114033,3034
AVONSLEIGH,2021,752000,348478731,4907,71016.65600163033,4091,79713264,19485.03153263261,3879,267256715,68898.35395720547,3782
BACCHUS MARSH,2021,555000,1069612697,15104,70816.51860434322,13057,239958455,18377.763268744733,12767,868437910,68022.08114670635,3340
BADGER CREEK,2021,626500,375274132,6242,60120.81576417815,5224,76463615,14636.98602603369,4838,288295119,59589.73108722613,3777
BAIRNSDALE,2021,327000,,,,,,,,,,
BALACLAVA,2021,1272500,1246503477,10690,116604.62834424696,9036,395275928,43744.56927844179,8421,560978738,66616.64149150932,2575
BALCOMBE,2021,1458000,,,,,,,,,,
BALLAN,2021,640000,151012647,2259,66849.33466135459,1944,32948131,16948.62705761317,1852,124261426,67095.80237580993,3342
BALLARAT CENTRAL,2021,652500,,,,,,,,,,
BALLARAT EAST,2021,430000,2606930585,38858,67088.64545267384,33183,567751702,17109.715878612544,32068,2069099596,64522.25258824997,3350
BALLARAT NORTH,2021,542500,2606930585,38858,67088.64545267384,33183,567751702,17109.715878612544,32068,2069099596,64522.25258824997,3350
BALNARRING,2021,1125000,230545260,2161,106684.52568255438,1754,69665088,39717.83808437856,1386,100663724,72628.94949,3926
BALNARRING BEACH,2021,1248500,230545260,2161,106684.52568255438,1754,69665088,39717.83808437856,1386,100663724,72628.94949,3926
BALWYN,2021,2450000,1002136982,10296,97332.65171,8226,288691835,35095.044371504984,6673,559085827,83783.27993406264,3103
BALWYN NORTH,2021,2080000,1281148321,13385,95715.22756817333,10736,365654757,34058.751583457524,9200,759126165,82513.71358695652,3104
BANNOCKBURN,2021,635000,2278703124,39818,57227.96534,34404,427683093,12431.202563655388,33834,1963014645,58018.99405923036,4207
BARANDUDA,2021,435000,,,,,,,,,,
BARNAWARTHA,2021,359000,58900594,908,64868.495594713655,777,12510877,16101.5148,747,46185395,61827.83801874163,3688
BARWON HEADS,2021,1525500,331138505,3397,97479.68943185163,2839,91993335,32403.429024304332,2317,194506551,83947.58351316357,3227
BAXTER,2021,565000,146688940,2145,68386.45221445222,1878,32390019,17247.08146964856,1688,109193786,64688.26184834123,3911
BAYSWATER,2021,818000,780467855,12715,61381.663782933545,10852,155709629,14348.473000368596,10791,688361901,63790.371698637755,3153
BAYSWATER NORTH,2021,800500,780467855,12715,61381.663782933545,10852,155709629,14348.473000368596,10791,688361901,63790.371698637755,3153
BEACONSFIELD,2021,862500,972480710,8301,117152.23587519577,7625,277877342,36442.93009836066,7437,746791015,100415.6266,2015
BEACONSFIELD UPPER,2021,,213483172,1998,106848.43443443443,1715,64355994,37525.360932944604,1555,116935565,75199.72025723473,3808
BEAUFORT,2021,320000,23905763,380,62909.902631578945,318,5616824,17662.96855345912,246,13272850,53954.67479674797,4724
BEAUMARIS,2021,1725000,114893730,2264,50748.113957597176,1823,21414217,11746.690619857378,1591,76573530,48129.182903834066,7215
BEECHWORTH,2021,530000,181634536,3000,60544.84533333333,2443,37847251,15492.120753172328,2235,137783181,61647.95570469799,3747
BELGRAVE,2021,717000,422813361,5598,75529.36066452305,4763,99916174,20977.571698509342,4641,329117988,70915.31738849386,3160
BELGRAVE HEIGHTS,2021,740000,422813361,5598,75529.36066452305,4763,99916174,20977.571698509342,4641,329117988,70915.31738849386,3160
BELGRAVE SOUTH,2021,660000,422813361,5598,75529.36066452305,4763,99916174,20977.571698509342,4641,329117988,70915.31738849386,3160
BELL PARK,2021,568000,826498971,12706,65047.92782937195,10980,172723461,15730.734153005464,10604,682809480,64391.68992832893,3215
BELL POST HILL,2021,540000,826498971,12706,65047.92782937195,10980,172723461,15730.734153005464,10604,682809480,64391.68992832893,3215
BELLFIELD (BANYULE),2021,843000,,,,,,,,,,
BELMONT,2021,710500,1081449312,15737,68720.16979093855,13120,241574857,18412.71775914634,12596,853156659,67732.34829,2280
BENALLA,2021,351500,332644739,5927,56123.627298802094,4886,64847318,13272.066721244371,4555,259579426,56987.79934,3672
BENDIGO,2021,510000,1584577792,24249,65346.10878799126,20497,346880747,16923.488656876616,19581,1180913683,60309.16107451101,3550
BENTLEIGH,2021,1541500,1786003131,20691,86317.87400318979,17555,453565884,25836.848988892052,16768,1424123430,84931.02516698473,3204
BENTLEIGH EAST,2021,1373500,1462997801,17857,81928.53228425827,15099,359414052,23803.831512020664,14324,1180261131,82397.45399329797,3165
BERWICK,2021,770000,2619994661,31264,83802.28572799386,26505,678173530,25586.626296925107,25992,1811042585,69676.92309172053,3806
BEVERIDGE,2021,616000,204025077,3037,67179.80803424431,2686,42452296,15805.024571854057,2652,182971941,68993.94457013575,3753
BIRCHIP,2021,110000,34134498,556,61392.982014388486,474,7123554,15028.594936708861,389,22983301,59083.035989717224,3483
BIRREGURRA,2021,891000,38970169,652,59770.197852760735,536,8179833,15260.882462686568,468,27605059,58985.168803418805,3242
BITTERN,2021,610000,166871948,2551,65414.32693061545,2172,36432248,16773.594843462248,1969,125856966,63919.23108176739,3918
BLACK HILL,2021,595000,932278156,14283,65271.87258,12467,192875408,15470.87575198524,12584,828100934,65805.85934520025,2322
BLACK ROCK,2021,2450000,1547481106,13425,115268.61124767225,11057,463809858,41947.169937596096,9306,937997348,100794.90092413497,3193
BLACKBURN,2021,1481000,1657521554,20608,80430.97602872671,16897,416327568,24639.141149316445,16019,1226535794,76567.56314376678,3130
BLACKBURN NORTH,2021,1302000,1657521554,20608,80430.97602872671,16897,416327568,24639.141149316445,16019,1226535794,76567.56314376678,3130
BLACKBURN SOUTH,2021,1232000,1657521554,20608,80430.97602872671,16897,416327568,24639.141149316445,16019,1226535794,76567.56314376678,3130
BLACKWOOD,2021,600000,737481478,9908,74432.93076301979,8483,169144729,19939.258399151244,7650,563503252,73660.55581699347,5051
BLAIRGOWRIE,2021,1400000,141985269,1657,85688.15268557634,1297,38944121,30026.30763299923,959,72218056,75305.58498,3942
BLIND BIGHT,2021,605000,131503797,2112,62265.05539772727,1820,26492691,14556.423626373626,1720,106748963,62063.350581395345,3980
BONBEACH,2021,871500,1193097861,16048,74345.57957377867,13910,269955208,19407.27591660676,13427,1006681617,74974.42593282192,3196
BONNIE DOON,2021,480000,22097436,426,51871.91549295775,342,4204509,12293.88596491228,303,16254477,53645.13861386139,3720
BONSHAW,2021,510000,14838457,392,37853.20663265306,283,2540781,8978.024734982333,275,12639633,45962.30181818182,2361
BOOLARRA,2021,310000,38373704,721,53222.89042995839,573,7297181,12735.04537521815,530,32425497,61180.18301886792,3870
BOORT,2021,235000,30148976,578,52160.85813148789,463,5774606,12472.151187904967,406,19723868,48580.95566502463,3537
BORONIA,2021,780000,858566826,13986,61387.589446589445,11994,170114712,14183.317658829415,11795,759374837,64381.07986,3155
BOTANIC RIDGE,2021,802500,4046612497,67632,59832.808389519756,58596,783521482,13371.58649054543,58568,3595349960,61387.61712880754,3977
BOX HILL,2021,1570000,2384246513,30385,78467.87932,26984,547390506,20285.743625852356,27241,2104847682,77267.63635696193,2765
BOX HILL NORTH,2021,1276000,800244132,10837,73843.69585678693,8727,193405220,22161.707345021197,8380,618033603,73751.02661097852,3129
BOX HILL SOUTH,2021,1252000,859212404,14119,60855.04667469367,10975,188391112,17165.47717539863,10980,695232896,63318.11438979964,3128
BRAYBROOK,2021,707500,311074792,5701,54564.95211366427,4755,57632055,12120.305993690852,4940,280178501,56716.29574898785,3019
BREAKWATER,2021,456500,672644651,11497,58506.10167869879,9918,130523243,13160.238253680178,9757,569611110,58379.73864917495,3219
BRIAGOLONG,2021,411500,254515382,4256,59801.54652255639,3555,53223352,14971.407032348805,3358,203244215,60525.37671232877,3860
BRIAR HILL,2021,911000,1219923609,16609,73449.55199,14104,275495534,19533.149035734543,13501,1024025590,75848.12902747944,3088
BRIGHT,2021,819000,7507614,185,40581.697297297294,133,1209328,9092.691729,106,5207907,49131.198113207545,5381
BRIGHTON,2021,2842500,1597214840,22876,69820.54729847875,19785,346875365,17532.23982815264,19191,1364807431,71117.05648481059,4017
BRIGHTON EAST,2021,1978500,1170861510,10389,112702.04158244297,8685,346781894,39928.83062751871,7179,753359386,104939.32107535869,3187
BROADFORD,2021,510000,230215530,3664,62831.74945414847,3128,47971741,15336.234335038363,3074,192392350,62586.97137280416,3658
BROADMEADOWS,2021,550000,443665431,9415,47123.253425385024,7581,74867742,9875.707954095766,7520,366762030,48771.546542553195,3047
BROOKFIELD,2021,495000,133679369,2274,58786.00219876869,1864,28598847,15342.72907725322,1684,98623685,58565.13361,2420
BROOKLYN,2021,820000,77670853,1028,75555.30447470817,846,18562869,21941.925531914894,744,58420995,78522.84274193548,2083
BROWN HILL,2021,586500,,,,,,,,,,
BRUNSWICK,2021,1257000,1367097612,17243,79284.20878037464,15264,321198981,21042.91018081761,15138,1154976085,76296.47806843705,3056
BRUNSWICK EAST,2021,1535000,771694872,9417,81946.99713284486,8481,182153495,21477.832213182406,8405,659572640,78473.84176085664,3057
BRUNSWICK WEST,2021,1245500,742859711,9525,77990.52083989502,8329,176063170,21138.572457677994,8317,611279437,73497.58771191536,3055
BRUTHEN,2021,282500,55036707,1096,50215.973540145984,902,9924856,11003.166297117517,848,45607249,53782.13325471698,3885
BULLEEN,2021,1100000,522544344,6895,75785.98172588833,5595,127516274,22791.112421805185,4976,370478549,74453.08460610932,3105
BUNDALONG,2021,652500,317639472,5444,58346.706833210876,4546,64550821,14199.476682798064,4161,234980037,56472.01081,3730
BUNDOORA,2021,810000,1147287765,18656,61496.98568825043,15363,237704036,15472.501204191889,15203,956756420,62932.08051042557,3083
BUNINYONG,2021,673500,163399541,2305,70889.17180043383,1916,36855966,19235.890396659706,1781,126578471,71071.57271195957,3357
BUNYIP,2021,555000,197221513,2115,93248.94231678487,1784,56144765,31471.280829596413,1675,107681895,64287.69850746269,3815
BURNSIDE,2021,635000,1280686370,21973,58284.54785418468,18445,254755814,13811.646191379778,16950,983932882,58049.137581120944,4560
BURNSIDE HEIGHTS,2021,686000,2199593985,36114,60906.96087389932,30581,438613995,14342.696282005167,31033,1950366398,62848.142235684594,3023
BURWOOD,2021,1392500,690209529,11621,59393.29911367352,9088,150811183,16594.540382922536,9383,549402334,58552.95044228925,2134
BURWOOD EAST,2021,1170000,419088848,6843,61243.43825807395,5404,89288667,16522.699296817173,5100,336329481,65946.95705882354,3151
CAIRNLEA,2021,735000,2199593985,36114,60906.96087389932,30581,438613995,14342.696282005167,31033,1950366398,62848.142235684594,3023
CALIFORNIA GULLY,2021,367000,408999019,7735,52876.40840336135,6583,72899111,11073.843384475163,6571,353840141,53848.75072287323,3556
CAMBERWELL,2021,2136000,1763589826,14926,118155.55580865603,12357,537364061,43486.61171805454,10530,1031727057,97979.77749287749,3124
CAMPBELLFIELD,2021,550000,115506130,2213,52194.36512,1811,21387939,11810.016013252347,1643,86702655,52770.94035301278,3061
CAMPBELLS CREEK,2021,623500,,,,,,,,,,
CAMPERDOWN,2021,304000,548505512,5734,95658.44297174747,5011,143170893,28571.32169227699,5089,462327159,90848.33149931225,2050
CANADIAN,2021,458000,2606930585,38858,67088.64545267384,33183,567751702,17109.715878612544,32068,2069099596,64522.25258824997,3350
CANTERBURY,2021,2830000,767829972,10734,71532.5109,9095,174780783,19217.23837273227,8980,657767630,73248.06570155903,2193
CAPE PATERSON,2021,668000,,,,,,,,,,
CAPE SCHANCK,2021,760000,514497569,8510,60457.99870740306,6931,109925235,15859.93868128697,6250,361686606,57869.85696,3939
CAPEL SOUND,2021,684000,126911169,2331,54444.94594594595,1906,25004201,13118.678384050367,1573,82216067,52267.048315321044,3940
CARISBROOK,2021,269500,32294704,623,51837.406099518455,527,5813619,11031.535104364326,494,26215140,53067.085020242914,3464
CARLTON,2021,1220000,632060098,10173,62131.141059667745,8404,131680798,15668.824131366016,8471,550032245,64931.205878880886,2218
CARLTON NORTH,2021,1500000,594654558,5673,104821.88577472237,4897,169684937,34650.793751276295,4452,392019361,88054.66329739444,3054
CARNEGIE,2021,1548000,1720129219,21592,79665.11758984809,18575,414147552,22295.965114401075,18104,1406855689,77709.66024083075,3163
CAROLINE SPRINGS,2021,670000,2199593985,36114,60906.96087389932,30581,438613995,14342.696282005167,31033,1950366398,62848.142235684594,3023
CARRUM,2021,880000,569779081,7486,76112.62102591504,6398,133952092,20936.557049077837,5919,431639755,72924.43909444162,3197
CARRUM DOWNS,2021,629000,787943071,13085,60217.277111196025,11603,151286495,13038.567180901491,11638,708213408,60853.532222031274,3201
CASTERTON,2021,170000,46824175,872,53697.44839449541,704,9009980,12798.267045454546,622,32726673,52615.22990353698,3311
CASTLEMAINE,2021,658500,229645410,3931,58419.08165861104,3123,47140270,15094.546910022415,2688,157919320,58749.74702380953,3450
CAULFIELD,2021,1610000,1199689030,11683,102686.72686809895,9957,337379633,33883.66305111982,8424,742079306,88091.08570750238,3162
CAULFIELD EAST,2021,1752500,1737179906,15436,112540.80759264059,13006,515221139,39614.11187144395,11833,1113854206,94131.17603312769,3145
CAULFIELD NORTH,2021,2100000,1369174388,11133,122983.41758735292,9658,418717583,43354.481569683165,8101,674955442,83317.54622886064,3161
CAULFIELD SOUTH,2021,1625000,1199689030,11683,102686.72686809895,9957,337379633,33883.66305111982,8424,742079306,88091.08570750238,3162
CHADSTONE,2021,1048000,424062794,6011,70547.79470969888,5111,94494925,18488.539424770104,4933,353865887,71734.41861,3148
CHARLEMONT,2021,525000,959446395,14363,66799.86040520783,12854,196773226,15308.326279757273,12934,864112140,66809.35054894078,3217
CHARLTON,2021,162000,4295354492,66936,64171.06627226007,57151,910680929,15934.645570506204,55365,3454077353,62387.38107107378,4350
CHELSEA,2021,988000,1193097861,16048,74345.57957377867,13910,269955208,19407.27591660676,13427,1006681617,74974.42593282192,3196
CHELSEA HEIGHTS,2021,940000,1193097861,16048,74345.57957377867,13910,269955208,19407.27591660676,13427,1006681617,74974.42593282192,3196
CHELTENHAM,2021,1232500,812620166,7682,105782.3699557407,6248,233494053,37371.00720230474,5593,553565724,98974.74056856785,2119
CHELTENHAM EAST,2021,1115000,1152008818,14858,77534.58190873603,12719,270780709,21289.465288151583,12027,958277576,79677.19098694604,3192
CHELTENHAM NORTH,2021,999500,,,,,,,,,,
CHEWTON,2021,803000,197767105,3230,61228.205882352944,2695,40754636,15122.313914656772,2449,148331550,60568.21151490404,3451
CHILTERN,2021,295000,56647861,1055,53694.65497630332,880,10366376,11779.972727272727,853,48496144,56853.62719812427,3683
CHIRNSIDE PARK,2021,805000,499759945,7306,68404.04393649056,6182,109444295,17703.70349401488,5967,408429043,68447.97101,3116
CHURCHILL,2021,289000,136628637,2507,54498.858,2058,25469079,12375.645772594753,2112,119723360,56687.19696969697,3842
CLARINDA,2021,1029000,703110515,12255,57373.35904,10218,135469126,13257.89058524173,10302,616787155,59870.622694622405,3169
CLAYTON,2021,1070000,691839399,13761,50275.372356660126,10486,129703257,12369.183387373641,11842,603475886,50960.63891234589,3168
CLAYTON NORTH,2021,1075000,,,,,,,,,,
CLAYTON SOUTH,2021,832000,703110515,12255,57373.35904,10218,135469126,13257.89058524173,10302,616787155,59870.622694622405,3169
CLIFTON HILL,2021,1266000,1363345194,12570,108460.23818615751,11127,384735605,34576.75968365237,10318,973312397,94331.49806163985,3068
CLIFTON SPRINGS,2021,570000,680936847,10559,64488.762856331094,8832,146711307,16611.334578804348,8234,514363005,62468.18132,3222
CLUNES,2021,450000,51071507,982,52007.644602851324,786,9438721,12008.550890585242,753,40304931,53525.80478,3370
CLYDE,2021,599500,846289443,16151,52398.57860194415,13192,154574555,11717.294951485748,13546,744114869,54932.44271371623,2142
CLYDE NORTH,2021,652000,1745538328,28413,61434.49575898356,25014,339773570,13583.336131766211,25341,1600604753,63162.651552819545,3978
COBBLEBANK,2021,516000,,,,,,,,,,
COBDEN,2021,315000,105337501,1802,58455.882907880135,1509,21251928,14083.45129224652,1283,70638207,55057.05923616524,3266
COBRAM,2021,335000,,,,,,,,,,
COBURG,2021,1057500,1607118491,21643,74255.80977683315,18860,363980400,19299.066808059386,18478,1366805121,73969.32140924342,3058
COBURG EAST,2021,987500,,,,,,,,,,
COBURG NORTH,2021,921000,1607118491,21643,74255.80977683315,18860,363980400,19299.066808059386,18478,1366805121,73969.32140924342,3058
COCKATOO,2021,620000,21512201,503,42767.79522862823,415,5280976,12725.243373493975,331,18654866,56359.11178247734,4419
COHUNA,2021,230000,85415524,1601,53351.35790131168,1313,16523228,12584.332063975628,1154,59968494,51965.76603119584,3568
COLAC,2021,385000,428385756,7539,56822.623159570234,6443,82140732,12748.833152258265,6111,344146556,56315.914907543774,3250
COLDSTREAM,2021,670000,63115776,1296,48700.444444444445,1024,11523704,11253.61719,930,49564669,53295.34301075269,2462
COLERAINE,2021,143500,,,,,,,,,,
COLLINGWOOD,2021,1313000,586648063,6506,90170.31401782969,5883,146632999,24924.868094509606,5733,480464900,83806.88993546137,3066
COOLAROO,2021,490000,351123964,7484,46916.617316942815,6035,58250205,9652.063794531898,5856,291842777,49836.539788251364,3048
COONANS HILL,2021,1275000,,,,,,,,,,
COONGULLA,2021,314500,254515382,4256,59801.54652255639,3555,53223352,14971.407032348805,3358,203244215,60525.37671232877,3860
CORINELLA,2021,575000,252358259,4317,58456.85869817003,3654,50536991,13830.594143404489,3435,202810553,59042.373508005825,3984
CORIO,2021,415500,568702266,11564,49178.68090626081,9836,94370874,9594.436152907687,10027,501403121,50005.29779595093,3214
CORONET BAY,2021,438000,252358259,4317,58456.85869817003,3654,50536991,13830.594143404489,3435,202810553,59042.373508005825,3984
CORRYONG,2021,157500,53825101,980,54923.57244897959,804,10523733,13089.220149253732,675,36667467,54322.17333333333,3707
COWES,2021,699000,299525857,5509,54370.27718,4396,59163863,13458.567561419472,3847,206551759,53691.645178060826,3922
COWES WEST,2021,635000,,,,,,,,,,
CRAIGIEBURN,2021,573000,3558576526,62697,56758.322184474535,53269,670134667,12580.199872346016,53274,3152885582,59182.44513271014,3064
CRANBOURNE,2021,575000,4046612497,67632,59832.808389519756,58596,783521482,13371.58649054543,58568,3595349960,61387.61712880754,3977
CRANBOURNE EAST,2021,620000,4046612497,67632,59832.808389519756,58596,783521482,13371.58649054543,58568,3595349960,61387.61712880754,3977
CRANBOURNE NORTH,2021,646500,4046612497,67632,59832.808389519756,58596,783521482,13371.58649054543,58568,3595349960,61387.61712880754,3977
CRANBOURNE SOUTH,2021,620000,4046612497,67632,59832.808389519756,58596,783521482,13371.58649054543,58568,3595349960,61387.61712880754,3977
CRANBOURNE WEST,2021,585000,,,,,,,,,,
CREMORNE,2021,1695000,1360825353,9221,147578.93428044682,8033,438766234,54620.469812025396,7053,849036114,120379.42917907273,2090
CRESWICK,2021,427500,111484106,1887,59080.07737148913,1567,23596856,15058.619017230376,1439,82636062,57426.033356497566,3363
CRIB POINT,2021,581000,109820167,1892,58044.48572938689,1638,20884703,12750.123931623932,1611,94721313,58796.594040968346,3919
CROYDON,2021,815000,519185664,6490,79997.79106317411,5421,128149813,23639.515403062167,5165,418017182,80932.65866408519,2132
CROYDON HILLS,2021,902000,1894477632,27891,67924.33516188018,23691,409554415,17287.341817567853,22918,1593668245,69537.84121651103,3136
CROYDON NORTH,2021,962000,1894477632,27891,67924.33516188018,23691,409554415,17287.341817567853,22918,1593668245,69537.84121651103,3136
CROYDON SOUTH,2021,828000,1894477632,27891,67924.33516188018,23691,409554415,17287.341817567853,22918,1593668245,69537.84121651103,3136
CURLEWIS,2021,570000,41982248,646,64988,544,9283482,17065.22426470588,510,31250332,61275.160784313724,2381
DALLAS,2021,500000,443665431,9415,47123.253425385024,7581,74867742,9875.707954095766,7520,366762030,48771.546542553195,3047
DALYSTON,2021,435500,40272968,758,53130.56464379947,632,7351418,11631.990506329113,592,31599218,53377.05743243243,3992
DANDENONG,2021,680000,1464716725,27813,52663.02538381332,23316,265427423,11383.917610224738,22140,1194054942,53932.020867208674,3175
DANDENONG NORTH,2021,684000,1464716725,27813,52663.02538381332,23316,265427423,11383.917610224738,22140,1194054942,53932.020867208674,3175
DARLEY,2021,569500,,,,,,,,,,
DAYLESFORD,2021,775000,99132126,1607,61687.695084007464,1318,21349231,16198.20257966616,1047,65885238,62927.63896848138,3460
DEANSIDE,2021,695000,,,,,,,,,,
DEEPDENE,2021,4500000,1002136982,10296,97332.65171,8226,288691835,35095.044371504984,6673,559085827,83783.27993406264,3103
DEER PARK,2021,620000,2199593985,36114,60906.96087389932,30581,438613995,14342.696282005167,31033,1950366398,62848.142235684594,3023
DELACOMBE,2021,480000,414779597,8129,51024.67671300283,6901,71895897,10418.18533545863,6888,361504084,52483.17131242741,3356
DELAHEY,2021,570000,1876523258,29563,63475.400263843316,25370,383263281,15106.948403626331,25647,1655431851,64546.80278395134,3037
DENNINGTON,2021,420000,1252517270,20507,61077.54766665041,17606,254517984,14456.320799727366,16678,967409751,58005.14156373666,3280
DERRIMUT,2021,661000,5074195666,72177,70302.11377585657,62045,1121254999,18071.641534370214,62010,4403558129,71013.67729398485,3030
DIAMOND CREEK,2021,915000,612635807,8099,75643.38893690579,7001,140326991,20043.84959,6851,508026121,74153.57188731572,3089
DIGGERS REST,2021,510000,246597007,3690,66828.45718157182,3269,50786482,15535.785255429795,3256,221835032,68131.15233415233,3427
DIMBOOLA,2021,177500,54957785,924,59478.12229,749,11491114,15341.941255006675,663,37216923,56134.12217,3414
DINGLEY VILLAGE,2021,972000,789584573,13558,58237.540418940844,11212,157755560,14070.242597217268,11125,660572876,59377.33716853933,3172
DINNER PLAIN,2021,630000,21293290,401,53100.473815461344,338,4057593,12004.71301775148,297,15096594,50830.28282828283,3898
DONALD,2021,151500,53365586,1053,50679.568850902186,880,10036754,11405.402272727273,781,40041865,51269.99359795135,3480
DONCASTER,2021,1372000,1049345637,15820,66330.31839443742,12467,240566632,19296.27271998075,11227,759173831,67620.36438941836,3108
DONCASTER EAST,2021,1295000,1229978322,18806,65403.50537062639,14798,277579621,18757.914650628463,13588,944295850,69494.83735649101,3109
DONNYBROOK,2021,575000,1637203102,30624,53461.43881,25936,297942079,11487.587870141888,25471,1405304825,55172.738604687685,4510
DONVALE,2021,1174000,640014587,7947,80535.37020259217,6440,162752028,25272.05403726708,5732,447155380,78010.35938590369,3111
DOREEN,2021,667500,1927247393,29324,65722.52738,25500,396527670,15550.104705882353,25884,1745247082,67425.71016844382,3754
DOVETON,2021,520000,288952737,6001,48150.764372604564,5023,47264228,9409.561616563806,4769,240389268,50406.64038582512,3177
DROMANA,2021,800000,514116454,7598,67664.70834430114,6152,118788936,19308.994798439533,5377,336782769,62633.95369164962,3936
DROUIN,2021,525000,581580359,10034,57960.96860673709,8485,113172290,13337.924572775486,8024,480067068,59828.896809571284,3818
DRYSDALE,2021,647000,680936847,10559,64488.762856331094,8832,146711307,16611.334578804348,8234,514363005,62468.18132,3222
DUNKELD,2021,,40754846,708,57563.34181,595,9114940,15319.226890756303,495,26738685,54017.545454545456,4465
DUNOLLY,2021,270000,34450480,725,47517.903448275865,564,6053939,10733.93439716312,506,24830769,49072.666007905136,3472
EAGLE POINT,2021,399500,41345588,749,55201.05207,618,7878003,12747.577669902912,518,29293715,56551.57335907336,3878
EAGLEHAWK,2021,380000,408999019,7735,52876.40840336135,6583,72899111,11073.843384475163,6571,353840141,53848.75072287323,3556
EAGLEMONT,2021,1920000,1508014256,16695,90327.29895178197,14080,395694688,28103.31590909091,12948,1101123305,85041.96053444548,3084
EAST BAIRNSDALE,2021,277000,624329237,11417,54684.175965665236,9528,118563973,12443.741918555836,8856,477511352,53919.52935862692,3875
EAST BENDIGO,2021,333500,1584577792,24249,65346.10878799126,20497,346880747,16923.488656876616,19581,1180913683,60309.16107451101,3550
EAST GEELONG,2021,735000,672644651,11497,58506.10167869879,9918,130523243,13160.238253680178,9757,569611110,58379.73864917495,3219
EAST MELBOURNE,2021,3950000,623102796,3505,177775.4054208274,3111,213937499,68768.08068,2549,259321392,101734.55943507257,3002
EAST WARBURTON,2021,593500,168171518,3151,53370.84037,2629,30931188,11765.381513883605,2450,135004894,55104.03836734694,3799
EASTWOOD,2021,450000,1488432415,20183,73746.83718971412,15905,369000825,23200.30336,15447,1115752297,72231.00258949958,2122
ECHUCA,2021,457000,620092744,10252,60485.05111197815,8723,126350012,14484.697007910123,8166,466320250,57105.10041636052,3564
EDENHOPE,2021,202500,40175189,693,57972.8557,562,8734466,15541.754448398577,484,23888044,49355.46280991736,3318
EDITHVALE,2021,1166000,1193097861,16048,74345.57957377867,13910,269955208,19407.27591660676,13427,1006681617,74974.42593282192,3196
EILDON,2021,380000,25577770,477,53622.159329140464,407,4642408,11406.407862407863,384,20136690,52439.29688,3713
ELLIMINYT,2021,522500,428385756,7539,56822.623159570234,6443,82140732,12748.833152258265,6111,344146556,56315.914907543774,3250
ELMORE,2021,255000,43814404,552,79373.92028985507,463,11812968,25513.969762419005,382,21804588,57080.07329842932,3558
ELSTERNWICK,2021,2046500,958488216,8875,107998.67222535211,7674,274656159,35790.482017200935,6910,640607474,92707.30448625181,3185
ELTHAM,2021,1066500,1538786054,18198,84557.97637102978,15165,388767295,25635.825585229148,14211,1157854675,81475.94644993315,3095
ELTHAM NORTH,2021,1100000,1538786054,18198,84557.97637102978,15165,388767295,25635.825585229148,14211,1157854675,81475.94644993315,3095
ELWOOD,2021,2137000,1121435027,10281,109078.39966929286,9211,315396281,34241.26382,8459,788135714,93171.26303345549,3184
EMERALD,2021,820000,747501591,9343,80006.59220807021,8249,174702070,21178.575584919385,8370,658237453,78642.46750298685,4720
ENDEAVOUR HILLS,2021,734000,803084150,13967,57498.68618887378,11616,155549182,13390.941976584021,11239,683524857,60817.230803452265,3802
EPPING,2021,585500,1763051486,22438,78574.35983599251,18188,435900150,23966.35968770618,17545,1434566252,81764.96164,2121
EPSOM,2021,468500,306685459,4233,72451.08883,3615,69506533,19227.256708160443,3407,261378779,76718.16231288524,4741
ESSENDON,2021,1485000,1874714219,17616,106421.1068914623,15261,538402454,35279.63134788022,14137,1174976595,83113.57395,3040
ESSENDON NORTH,2021,1075500,732999333,8391,87355.42045048266,7249,186329536,25704.171058076976,6711,548119621,81674.80569214722,3041
ESSENDON WEST,2021,1245000,1874714219,17616,106421.1068914623,15261,538402454,35279.63134788022,14137,1174976595,83113.57395,3040
EUMEMMERRING,2021,667500,288952737,6001,48150.764372604564,5023,47264228,9409.561616563806,4769,240389268,50406.64038582512,3177
EUREKA,2021,393000,2606930585,38858,67088.64545267384,33183,567751702,17109.715878612544,32068,2069099596,64522.25258824997,3350
EUROA,2021,386500,,,,,,,,,,
EYNESBURY,2021,605000,1188487270,20594,57710.36564047781,17696,223465877,12628.044586347198,17991,1084890690,60301.85592796398,3338
FAIRFIELD,2021,1430000,914933917,18503,49447.86883208129,14967,159947735,10686.693058061068,15134,779102913,51480.30348883309,2165
FAIRHAVEN,2021,1910000,76999943,981,78491.27726809378,796,19684764,24729.603015075376,628,40449856,64410.59872611465,3231
FAWKNER,2021,772000,418606659,7299,57351.23427866831,5991,82148367,13711.962443665498,5889,352958623,59935.239089828494,3060
FERNTREE GULLY,2021,801000,1601486177,23643,67736.16618026477,20075,347731645,17321.62615193026,19726,1333084832,67580.08881679003,3156
FERNY CREEK,2021,1200000,75799100,946,80125.89852008456,774,18829987,24328.148578811368,728,56861787,78106.85027472528,3786
FINGAL,2021,1602500,12261273,284,43173.49647887324,209,2013346,9633.234449760766,211,10040376,47584.72037914692,7214
FITZROY,2021,1390000,814551592,10426,78126.95108382888,9150,193493859,21146.869836065573,8470,600115215,70851.85537190082,5082
FITZROY NORTH,2021,1360000,1363345194,12570,108460.23818615751,11127,384735605,34576.75968365237,10318,973312397,94331.49806163985,3068
FIVEWAYS,2021,635000,,,,,,,,,,
FLEMINGTON,2021,1000000,935388405,11367,82289.82185273159,10051,224225049,22308.730375087056,9988,802707556,80367.19623548258,3031
FLINDERS,2021,1825000,1193252467,17194,69399.35250668837,14591,262456729,17987.57651977246,14441,989881174,68546.58084620179,2529
FLORA HILL,2021,405000,,,,,,,,,,
FLOWERDALE,2021,355000,274214099,4726,58022.45006347863,3951,54183675,13713.914198936978,3785,225419339,59555.96803,7325
FOOTSCRAY,2021,842000,1097040037,16392,66925.33168618838,13504,239180861,17711.852858412323,13692,971467779,70951.48838737949,3011
FOREST HILL,2021,1062000,84744024,1424,59511.252808988764,1291,15661747,12131.4849,1331,78995951,59350.82719759579,2651
FOSTER,2021,367500,84973240,1535,55357.15960912052,1222,17831299,14591.897708674305,962,53188552,55289.55509355509,3960
FRANKSTON,2021,660000,2082091404,32153,64755.74297888222,27368,438055546,16006.121967261035,26130,1714293803,65606.34531190203,3199
FRANKSTON NORTH,2021,530000,134076934,2629,50999.21414986687,2255,22937309,10171.755654101995,2280,117900257,51710.63903508772,3200
FRANKSTON SOUTH,2021,834000,2082091404,32153,64755.74297888222,27368,438055546,16006.121967261035,26130,1714293803,65606.34531190203,3199
FRASER RISE,2021,640000,,,,,,,,,,
FYANSFORD,2021,750000,722217959,9427,76611.64304656837,8233,168283657,20440.138102757195,7952,578644800,72767.20322,3218
GARDEN CITY,2021,2672500,,,,,,,,,,
GARDENVALE,2021,,958488216,8875,107998.67222535211,7674,274656159,35790.482017200935,6910,640607474,92707.30448625181,3185
GARFIELD,2021,530000,3553391,116,30632.681034482757,90,2053612,22817.911111111112,73,3907321,53524.94520547945,4728
GEELONG,2021,905000,1071565211,11331,94569.34172,9596,293230806,30557.607961650687,8635,654992418,75853.20416907933,3220
GEELONG WEST,2021,825000,722217959,9427,76611.64304656837,8233,168283657,20440.138102757195,7952,578644800,72767.20322,3218
GEMBROOK,2021,710000,100189028,1491,67195.8605,1250,21800838,17440.6704,1219,80077842,65691.42083675144,3783
GISBORNE,2021,870000,566878180,7134,79461.47743,6068,135805630,22380.624588002636,5689,448129474,78771.22060116014,3437
GLADSTONE PARK,2021,700000,619511796,9976,62100.22012830794,8453,125316355,14825.07452975275,8228,534584916,64971.428779776375,3043
GLEN HUNTLY,2021,904500,1720129219,21592,79665.11758984809,18575,414147552,22295.965114401075,18104,1406855689,77709.66024083075,3163
GLEN IRIS,2021,2135000,2048941538,16927,121045.75754711407,14414,619258254,42962.27653670043,12821,1300509651,101435.89821386787,3146
GLEN WAVERLEY,2021,1400000,2831328954,39124,72368.08490951845,30631,694715527,22680.145179719893,27492,1957187112,71191.15058926232,3150
GLENROWAN,2021,,68218205,1211,56332.12634186623,1021,13308885,13035.146914789422,906,51938148,57326.87417218543,3675
GLENROY,2021,790000,1648387690,24328,67756.81067083197,20896,362702254,17357.496841500764,19690,1238934724,62922.02762823769,2640
GOLDEN BEACH,2021,297500,2659014922,41897,63465.520729407835,35259,564528669,16010.90981026121,32356,2042078359,63112.81861169489,4551
GOLDEN POINT (BALLARAT),2021,445000,,,,,,,,,,
GOLDEN SQUARE,2021,456000,649246635,11543,56245.91830546652,9833,123562865,12566.141055629005,9496,532520105,56078.35984,3555
GORDON,2021,750000,897000947,11826,75849.90250295958,10661,197195931,18496.94503329894,10226,786063928,76869.15001,2906
GOUGHS BAY,2021,389000,,,,,,,,,,
GOWANBRAE,2021,847500,619511796,9976,62100.22012830794,8453,125316355,14825.07452975275,8228,534584916,64971.428779776375,3043
GRANTVILLE,2021,500000,,,,,,,,,,
GREEN LAKE,2021,354000,,,,,,,,,,
GREENSBOROUGH,2021,870500,1219923609,16609,73449.55199,14104,275495534,19533.149035734543,13501,1024025590,75848.12902747944,3088
GREENVALE,2021,748500,326382913,5060,64502.55197628459,4287,69417521,16192.563797527408,3998,258883794,64753.32516258129,4816
GROVEDALE,2021,590500,2461593846,36333,67750.91090743952,30522,543923665,17820.70850534041,29467,1939279193,65811.89781789799,3216
HADFIELD,2021,782500,1357997394,21499,63165.60742,18427,276457844,15002.867748412655,18252,1198895237,65685.69126671049,3046
HALLAM,2021,665000,316421361,6007,52675.438821375064,5045,56509974,11201.18414271556,4770,263400163,55220.15995807128,3803
HALLS GAP,2021,437000,44981524,799,56297.27659574468,652,9121284,13989.699386503067,593,31795179,53617.50252951096,3381
HAMILTON,2021,318500,461652417,5769,80022.95319812793,4909,113590696,23139.273986555305,4582,332570517,72581.95482,2303
HAMLYN HEIGHTS,2021,662500,826498971,12706,65047.92782937195,10980,172723461,15730.734153005464,10604,682809480,64391.68992832893,3215
HAMPTON,2021,2225000,1303183968,19566,66604.51640601043,16450,283518751,17235.18243161094,15715,1056033115,67199.05282,4352
HAMPTON EAST,2021,1395000,1381475485,11661,118469.72686733556,9813,415571704,42349.098542749416,8796,928515130,105561.06525693498,3188
HAMPTON PARK,2021,598000,717491257,13909,51584.67589330649,11843,122904994,10377.859832812632,11868,638795302,53825.017020559484,3976
HARCOURT,2021,465000,79060155,1199,65938.41117597999,1027,17250256,16796.743914313534,925,56520500,61103.24324324324,3453
HARKNESS,2021,514500,,,,,,,,,,
HASTINGS,2021,606000,321349975,5777,55625.752985978885,4798,61820699,12884.680908711964,4467,253339057,56713.46698007611,7109
HASTINGS WEST,2021,475000,,,,,,,,,,
HAWTHORN,2021,2750000,964726802,10049,96002.26908150065,8583,262950079,30636.150413608295,7227,586561207,81162.47502421476,5062
HAWTHORN EAST,2021,2135500,1181289063,10110,116843.62640949555,8693,352023447,40495.04739445531,7857,737925608,93919.51228,3123
HEALESVILLE,2021,655000,375274132,6242,60120.81576417815,5224,76463615,14636.98602603369,4838,288295119,59589.73108722613,3777
HEATHCOTE,2021,375000,1361708866,18246,74630.54181738463,15585,309974777,19889.30234199551,15359,1196348323,77892.33173,2233
HEATHERTON,2021,1065500,121071121,1672,72410.95753588517,1407,27175613,19314.579246624024,1399,103749125,74159.48892065762,3202
HEATHMONT,2021,1035500,878060501,12296,71410.25544892647,10305,198332899,19246.278408539543,10056,730122206,72605.62907716786,3135
HEIDELBERG,2021,1220000,1508014256,16695,90327.29895178197,14080,395694688,28103.31590909091,12948,1101123305,85041.96053444548,3084
HEIDELBERG HEIGHTS,2021,939500,524010239,8117,64557.131822101765,6945,108175503,15576.026349892009,6871,459672702,66900.40780090234,3081
HEIDELBERG WEST,2021,700000,524010239,8117,64557.131822101765,6945,108175503,15576.026349892009,6871,459672702,66900.40780090234,3081
HEPBURN,2021,610000,,,,,,,,,,
HEPBURN SPRINGS,2021,670000,175592431,2545,68995.06129666012,2054,42319797,20603.601265822785,1763,110638734,62755.94668,3461
HERNE HILL,2021,650000,722217959,9427,76611.64304656837,8233,168283657,20440.138102757195,7952,578644800,72767.20322,3218
HEYFIELD,2021,285000,,,,,,,,,,
HEYWOOD,2021,236000,85786025,1511,56774.33818663137,1287,16902474,13133.235431235431,1119,60103240,53711.56389633602,3304
HIGHETT,2021,1303500,630604187,7437,84792.81793734033,6435,154810247,24057.53644133644,6151,536956959,87295.88018208422,3190
HIGHTON,2021,842500,2461593846,36333,67750.91090743952,30522,543923665,17820.70850534041,29467,1939279193,65811.89781789799,3216
HILLSIDE (MELTON),2021,695000,,,,,,,,,,
HOPETOUN,2021,144500,28397542,422,67292.75355450237,343,6672140,19452.303206997083,261,13327763,51064.226053639846,3396
HOPPERS CROSSING,2021,545000,4619013832,78627,58745.89939842548,66840,890718563,13326.130505685218,67350,4161059645,61782.62279138827,3029
HORSHAM,2021,329500,520687207,8764,59412.05009128252,7456,103501248,13881.605150214593,7055,400198219,56725.47399007796,3400
HUGHESDALE,2021,1320000,1132590429,15357,73750.76050009768,13093,260346026,19884.367677384864,12899,949248010,73590.82176912938,3166
HUNTINGDALE,2021,1286000,1132590429,15357,73750.76050009768,13093,260346026,19884.367677384864,12899,949248010,73590.82176912938,3166
HUNTLY,2021,460000,,,,,,,,,,
HURSTBRIDGE,2021,875000,222377997,3098,71781.14816010329,2577,51322302,19915.5227,2416,165463996,68486.75331125828,3099
INDENTED HEAD,2021,665000,324304091,5373,60358.10366648055,4175,70258035,16828.271856287425,3706,223795806,60387.42742,3223
INGLEWOOD,2021,317500,31884122,689,46275.93904208999,566,5551088,9807.575971731449,556,29479405,53020.51258992806,4387
INVERLOCH,2021,805000,238782815,3750,63675.41733333333,2946,53285838,18087.521384928717,2458,153035266,62260.07567127746,3996
INVERMAY PARK,2021,667500,,,,,,,,,,
IRONBARK,2021,468000,1584577792,24249,65346.10878799126,20497,346880747,16923.488656876616,19581,1180913683,60309.16107451101,3550
IRYMPLE,2021,423500,193486283,3476,55663.487629459145,2944,38278365,13002.162024456522,2808,157340296,56032.86894586895,3498
IVANHOE,2021,1665000,1324639747,11513,115056.00165030835,9877,393980764,39888.70750227802,8779,809096849,92162.75760337168,3079
IVANHOE EAST,2021,2502500,1324639747,11513,115056.00165030835,9877,393980764,39888.70750227802,8779,809096849,92162.75760337168,3079
JACANA,2021,570000,443665431,9415,47123.253425385024,7581,74867742,9875.707954095766,7520,366762030,48771.546542553195,3047
JACKASS FLAT,2021,441000,408999019,7735,52876.40840336135,6583,72899111,11073.843384475163,6571,353840141,53848.75072287323,3556
JAN JUC,2021,1465000,1259288836,15022,83829.63892956996,12733,317493750,24934.716877405168,11375,868276552,76332.00457142857,3228
JEERALANG NORTH,2021,262000,,,,,,,,,,
JEPARIT,2021,105000,9110577,199,45781.79396984925,154,1736128,11273.558441558442,134,6253811,46670.23134328358,3423
JUNCTION VILLAGE,2021,625000,4046612497,67632,59832.808389519756,58596,783521482,13371.58649054543,58568,3595349960,61387.61712880754,3977
JUNORTOUN,2021,655000,,,,,,,,,,
KALIMNA,2021,330000,218019165,4406,49482.33431684067,3504,39726746,11337.541666666666,3174,159946983,50392.87429111531,3909
KALKALLO,2021,590000,3558576526,62697,56758.322184474535,53269,670134667,12580.199872346016,53274,3152885582,59182.44513271014,3064
KALLISTA,2021,785000,65536618,885,74052.67571,752,15218130,20236.875,670,50098818,74774.35522,3791
KALORAMA,2021,851500,49653857,722,68772.65512465374,601,10871470,18088.968386023294,568,41872051,73718.39964788733,3766
KANGAROO FLAT,2021,381500,724956481,11680,62068.191866438356,10110,144719973,14314.537388724035,9539,599303941,62826.70521018975,5118
KANGAROO GROUND SOUTH,2021,1066500,,,,,,,,,,
KANIVA,2021,168000,31752161,553,57418.012658227846,456,6441796,14126.745614035088,362,17561008,48511.07182320442,3419
KEALBA,2021,640000,1324521537,27263,48583.11766863515,22340,224190331,10035.37739480752,22735,1149396440,50556.25423356059,3021
KEILOR,2021,790000,304362129,3803,80032.11385748093,3201,74491606,23271.354576694783,2839,217327101,76550.58154279676,3036
KEILOR DOWNS,2021,731500,1051135680,16242,64717.13335796084,13649,222329238,16289.049600703349,13291,878071119,66065.09058761568,3038
KEILOR EAST,2021,908500,677745337,8647,78379.24563432405,7291,165105903,22645.165683719653,6967,511387663,73401.41567,3033
KEILOR LODGE,2021,838000,1051135680,16242,64717.13335796084,13649,222329238,16289.049600703349,13291,878071119,66065.09058761568,3038
KEILOR PARK,2021,809000,755018651,10031,75268.53264878875,8710,172542612,19809.714351320323,8313,627389954,75470.94358234091,3042
KENNINGTON,2021,490000,,,,,,,,,,
KENSINGTON,2021,990000,665201462,7449,89300.77352664787,6130,178668511,29146.576019575856,6053,490540297,81040.85527837437,2033
KERANG,2021,235000,,,,,,,,,,
KEW,2021,2819500,101985225,2020,50487.735148514854,1610,18724864,11630.350310559006,1468,79916286,54438.88692098093,2439
KEW EAST,2021,1770000,483486307,4264,113387.9707,3547,144755379,40810.65097265295,3142,288092675,91690.85773392743,3102
KEW NORTH,2021,2136000,,,,,,,,,,
KEYSBOROUGH,2021,815000,1094652672,17690,61879.74403617863,14915,224117133,15026.291183372445,14945,935247291,62579.27674807628,3173
KIALLA,2021,502500,574626449,8858,64870.90189659065,7639,121346051,15885.070166252128,7262,452741552,62343.92068300743,3631
KILCUNDA,2021,677000,326675125,6298,51869.66100349317,5119,61131668,11942.111349873023,4665,240631855,51582.39121114684,3995
KILLARA (WODONGA),2021,469000,,,,,,,,,,
KILMORE,2021,513500,394388736,5844,67486.09445585216,4985,86404279,17332.854363089267,4838,314866642,65081.98470442332,3764
KILSYTH,2021,700000,566904352,8881,63833.39173516496,7637,115600797,15136.938195626555,7398,479082382,64758.364693160314,3137
KILSYTH SOUTH,2021,880000,566904352,8881,63833.39173516496,7637,115600797,15136.938195626555,7398,479082382,64758.364693160314,3137
KINGLAKE,2021,650000,63829927,1040,61374.92980769231,893,12689973,14210.49608,857,55622633,64903.88914819137,3763
KINGS PARK,2021,570500,2268701755,39326,57689.61386868738,33118,434793160,13128.605592125128,33836,2051578429,60633.00712259132,2148
KINGSBURY,2021,790000,1147287765,18656,61496.98568825043,15363,237704036,15472.501204191889,15203,956756420,62932.08051042557,3083
KINGSVILLE,2021,1177500,1225864394,17039,71944.62081108046,14951,268053312,17928.788174704034,15005,1094898742,72968.92649116961,3012
KNOXFIELD,2021,884500,291368922,4752,61315.00883838384,3920,59715731,15233.604846938775,3847,251773071,65446.60020795425,3180
KOO WEE RUP,2021,599000,192014560,3151,60937.65788638528,2759,38189558,13841.811525915187,2579,153823953,59644.80535091121,3981
KOONDROOK,2021,277500,27979567,616,45421.375,497,4747038,9551.384306,467,22072496,47264.44539614561,3580
KOOYONG,2021,,1374891963,7662,179442.9604541895,6665,475235662,71303.17509377345,5163,597879822,115800.85647879141,3144
KOROIT,2021,625000,102110410,1711,59678.79018118059,1484,20025343,13494.166442048518,1332,76106982,57137.373873873876,3282
KORUMBURRA,2021,485000,160943075,2836,56750.02644569817,2349,31961525,13606.438910174542,2170,124596932,57417.941013824886,3950
KURUNJANG,2021,440000,1233690241,21702,56846.84549811077,18500,232848818,12586.422594594595,18592,1085469743,58383.699601979344,3337
KYABRAM,2021,290000,243469856,4687,51945.776829528484,3857,44986745,11663.662172673063,3655,199598860,54609.81121751026,3620
KYNETON,2021,655000,,,,,,,,,,
LAKE BOGA,2021,222500,35109058,660,53195.54242424243,551,6592936,11965.40108892922,510,26566061,52090.31568627451,3584
LAKE GARDENS,2021,635000,367141146,6462,56815.40482822656,5400,72925631,13504.746481481481,5220,291650589,55871.760344827584,3355
LAKE TYERS BEACH,2021,479000,218019165,4406,49482.33431684067,3504,39726746,11337.541666666666,3174,159946983,50392.87429111531,3909
LAKE WENDOUREE,2021,860000,,,,,,,,,,
LAKES ENTRANCE,2021,380000,218019165,4406,49482.33431684067,3504,39726746,11337.541666666666,3174,159946983,50392.87429111531,3909
LALOR,2021,670000,621977843,11496,54103.84855601948,9634,113618763,11793.519099024288,9500,537421721,56570.70747368421,3075
LANCEFIELD,2021,562500,132660570,1958,67753.10010214505,1663,29329090,17636.25375826819,1521,105913980,69634.43786982249,3435
LANG LANG,2021,555000,252358259,4317,58456.85869817003,3654,50536991,13830.594143404489,3435,202810553,59042.373508005825,3984
LANGWARRIN,2021,697500,939412643,14164,66323.96519344818,12265,196207810,15997.375458622095,12068,803392469,66572.13034,3910
LARA,2021,698500,753527709,11296,66707.48132082153,9793,157566947,16089.752578372307,9677,662026348,68412.35383,3212
LARA LAKE,2021,600000,,,,,,,,,,
LAUNCHING PLACE,2021,694000,554614943,8835,62774.753027730614,7535,115765717,15363.731519575314,7082,429988223,60715.64854560859,3139
LAVERTON,2021,575000,999066345,16154,61846.37520118856,13844,198735739,14355.369763074255,13929,897363906,64424.14430325221,3028
LAVERTON SOUTH,2021,674000,,,,,,,,,,
LEITCHVILLE,2021,197500,18233125,381,47855.97112860892,316,3118289,9868.003164556962,254,13033729,51313.893700787405,3567
LENEVA,2021,552500,526765513,7982,65994.17602104736,6950,110770915,15938.261151079138,6499,421645236,64878.47915063856,3691
LEONGATHA,2021,457500,275676836,4825,57135.09554404145,4021,55683797,13848.245958716738,3442,191134401,55530.04096455549,3953
LEOPOLD,2021,568500,527569905,8750,60293.703428571425,7327,107044677,14609.618807151632,6895,425352950,61690.058013052934,3224
LILYDALE,2021,820000,95401051,1623,58780.68453481208,1381,18993628,13753.532223026792,1324,81131007,61277.19561933535,4344
LINTON,2021,,24328181,431,56445.895591647335,359,4611597,12845.674094707521,333,19174917,57582.333333333336,3360
LISMORE,2021,180000,17225030,312,55208.429487179485,255,3524405,13821.196078431372,211,10633664,50396.51184834123,3324
LOCH SPORT,2021,300500,,,,,,,,,,
LONG GULLY,2021,344000,1584577792,24249,65346.10878799126,20497,346880747,16923.488656876616,19581,1180913683,60309.16107451101,3550
LONGWARRY,2021,480500,105045621,1799,58391.11784324625,1517,20453161,13482.637442320369,1442,83774977,58096.37794729543,3816
LORNE,2021,1650000,101985225,2020,50487.735148514854,1610,18724864,11630.350310559006,1468,79916286,54438.88692098093,2439
LOVELY BANKS,2021,630000,188518212,2696,69925.15282,2310,41900565,18138.772727272728,2228,145500923,65305.62073608617,3213
LOWER PLENTY,2021,961000,243415638,2503,97249.55573312026,2100,67487647,32136.974761904763,1843,147350100,79951.22083559414,3093
LUCAS,2021,540000,2606930585,38858,67088.64545267384,33183,567751702,17109.715878612544,32068,2069099596,64522.25258824997,3350
LUCKNOW,2021,302500,624329237,11417,54684.175965665236,9528,118563973,12443.741918555836,8856,477511352,53919.52935862692,3875
LYNBROOK,2021,680000,664536636,10624,62550.51167168675,9176,132101525,14396.417284219704,9208,601636229,65338.42625977411,3975
LYNDHURST,2021,810000,14522103,251,57856.98406374502,220,2943870,13381.227272727272,201,12550175,62438.68159,2797
LYSTERFIELD,2021,839500,1601486177,23643,67736.16618026477,20075,347731645,17321.62615193026,19726,1333084832,67580.08881679003,3156
MACEDON,2021,907500,115573057,1253,92237.07661612131,1055,30751089,29147.95165876777,962,87593780,91053.82536382537,3440
MACLEOD,2021,1125000,657589268,8447,77848.85379424648,7102,156897194,22091.973246972684,6846,538164882,78610.12007011393,3085
MADDINGLEY,2021,555000,1069612697,15104,70816.51860434322,13057,239958455,18377.763268744733,12767,868437910,68022.08114670635,3340
MAFFRA,2021,320000,254515382,4256,59801.54652255639,3555,53223352,14971.407032348805,3358,203244215,60525.37671232877,3860
MAIDEN GULLY,2021,582500,,,,,,,,,,
MAIDSTONE,2021,791000,1225864394,17039,71944.62081108046,14951,268053312,17928.788174704034,15005,1094898742,72968.92649116961,3012
MALDON,2021,546500,605298273,8147,74297.07536516509,7056,137379058,19469.821145124715,6960,515901917,74123.83864942529,2571
MALLACOOTA,2021,510000,28470462,607,46903.561779242176,465,5022075,10800.161290322581,392,16114833,41109.267857142855,3892
MALMSBURY,2021,695000,41532940,674,61621.57270029673,552,8528178,15449.597826086956,504,32720349,64921.32738095238,3446
MALVERN,2021,2317500,784588285,6682,117418.18093385214,5755,233498187,40573.09939183319,4628,404950120,87500.02592912705,5061
MALVERN EAST,2021,1795000,1737179906,15436,112540.80759264059,13006,515221139,39614.11187144395,11833,1113854206,94131.17603312769,3145
MANIFOLD HEIGHTS,2021,820000,722217959,9427,76611.64304656837,8233,168283657,20440.138102757195,7952,578644800,72767.20322,3218
MANOR LAKES,2021,570500,,,,,,,,,,
MANSFIELD,2021,555000,1944760692,28781,67570.99100100761,24257,420651740,17341.45772354372,23825,1644197504,69011.43773347324,4122
MARIBYRNONG,2021,1030000,1627561339,19444,83705.06783583625,16842,404704862,24029.501365633536,16464,1296118633,78724.40676627794,3032
MARONG,2021,395000,106233674,1541,68938.14016872161,1327,23686506,17849.66541070083,1336,82912328,62060.12574850299,3515
MARSHALL,2021,535000,2461593846,36333,67750.91090743952,30522,543923665,17820.70850534041,29467,1939279193,65811.89781789799,3216
MARYBOROUGH,2021,315000,874234997,17089,51157.76212768447,13874,156593219,11286.811229638171,13199,715249717,54189.689900750054,4650
MARYSVILLE,2021,670000,14818588,284,52178.126760563384,211,3022845,14326.27962085308,181,8766400,48433.14917127072,3779
MCCRAE,2021,1142500,129104026,2018,63976.22695738355,1619,28548805,17633.604076590487,1322,83093834,62854.63993948563,3938
MCKENZIE HILL,2021,625000,197767105,3230,61228.205882352944,2695,40754636,15122.313914656772,2449,148331550,60568.21151490404,3451
MCKINNON,2021,1740500,1786003131,20691,86317.87400318979,17555,453565884,25836.848988892052,16768,1424123430,84931.02516698473,3204
MCLOUGHLINS BEACH,2021,215000,41883073,374,111986.82620320856,294,13917585,47338.72448979592,256,13510985,52777.28516,3874
MEADOW HEIGHTS,2021,540500,351123964,7484,46916.617316942815,6035,58250205,9652.063794531898,5856,291842777,49836.539788251364,3048
MEENIYAN,2021,,91761108,1630,56295.15828220859,1272,19503165,15332.676886792453,1017,54985665,54066.53392330383,3956
MELTON,2021,410000,11052877,193,57268.79274611399,161,2361154,14665.552795031055,126,5562363,44145.73809523809,5552
MELTON SOUTH,2021,435000,1188487270,20594,57710.36564047781,17696,223465877,12628.044586347198,17991,1084890690,60301.85592796398,3338
MELTON WEST,2021,487500,1233690241,21702,56846.84549811077,18500,232848818,12586.422594594595,18592,1085469743,58383.699601979344,3337
MENTONE,2021,974500,698055115,8655,80653.39283651068,7379,169745569,23003.871662826943,6846,549742035,80301.20289219983,3194
MERBEIN,2021,205000,138039298,2714,50861.937361827564,2228,25022993,11231.145870736085,2190,117537888,53670.26849315069,3505
MERINDA PARK,2021,562500,,,,,,,,,,
MERNDA,2021,612000,1927247393,29324,65722.52738,25500,396527670,15550.104705882353,25884,1745247082,67425.71016844382,3754
MERRIJIG (MANSFIELD),2021,,,,,,,,,,,
METUNG,2021,407500,59598746,1059,56278.324834749765,818,12619588,15427.369193154034,710,40247461,56686.564788732394,3904
MICKLEHAM,2021,595000,3558576526,62697,56758.322184474535,53269,670134667,12580.199872346016,53274,3152885582,59182.44513271014,3064
MIDDLE PARK,2021,3675000,1144988100,15324,74718.61785434613,12853,265480992,20655.17715708395,12148,919565827,75696.8906,4074
MILDURA,2021,350000,1040168065,19129,54376.499817031734,16078,195562614,12163.366961064808,16198,871225099,53785.96734164712,3500
MILL PARK,2021,717500,1037311735,17123,60580.02306838755,14573,205447468,14097.815686543609,14440,897709320,62168.23545706371,3082
MILLGROVE,2021,479000,168171518,3151,53370.84037,2629,30931188,11765.381513883605,2450,135004894,55104.03836734694,3799
MINERS REST,2021,441500,,,,,,,,,,
MINYIP,2021,95000,19715338,299,65937.58528428094,240,4585211,19105.045833333334,200,9130039,45650.195,3392
MIRBOO NORTH,2021,408000,98098789,1663,58989.04930847865,1346,20386705,15146.140416047549,1222,76331588,62464.474631751225,3871
MITCHAM,2021,1205000,964726802,10049,96002.26908150065,8583,262950079,30636.150413608295,7227,586561207,81162.47502421476,5062
MITCHELL PARK,2021,355000,697784875,12153,57416.67695219287,10431,131852943,12640.48921484038,10173,604207334,59393.23051213998,5043
MOE,2021,277000,620697059,10866,57122.86572795877,9063,121444834,13400.069954761117,8942,536850612,60036.97294,3825
MONBULK,2021,775500,138989149,2132,65191.90853658537,1752,30625282,17480.18378995434,1624,99815242,61462.587438423645,3793
MONT ALBERT,2021,1988000,1332527940,12479,106781.62833560382,10316,385975655,37415.243796044975,9146,893586171,97702.40225235076,3127
MONT ALBERT NORTH,2021,1350000,800244132,10837,73843.69585678693,8727,193405220,22161.707345021197,8380,618033603,73751.02661097852,3129
MONTMORENCY,2021,910000,414683374,5524,75069.40152063721,4659,95915725,20587.191457394292,4373,337681528,77219.64966841985,3094
MONTROSE,2021,762500,297422560,4698,63308.33546189868,3968,63111387,15905.087449596775,3851,258874533,67222.67801,4413
MOONEE PONDS,2021,1411000,1014093810,10822,93706.691,9493,267303252,28157.93237,9053,785135594,86726.56511653596,3039
MOORABBIN,2021,1219500,303929343,4015,75698.46650062267,3442,70208377,20397.552876234746,3238,258452976,79818.70784434836,3189
MOOROOLBARK,2021,750000,900979976,13800,65288.40405797101,11890,187625094,15780.07518923465,11650,766845941,65823.68592274678,3138
MOOROOPNA,2021,267500,259204978,5062,51206.04069537732,4292,45410143,10580.182432432432,4234,225045232,53151.92064241852,3629
MORDIALLOC,2021,1088000,1878124210,23164,81079.44266965982,19762,455902876,23069.672907600445,18885,1503287284,79602.18607360339,3195
MORNINGTON,2021,950000,931108030,11268,82632.94550940717,10254,214568641,20925.359957089917,10504,874015275,83207.85177,4825
MORTLAKE,2021,273000,1621864062,17375,93344.69421582735,14609,437416205,29941.55691696899,13508,1188643806,87995.54382588096,2137
MORWELL,2021,225000,470161603,8405,55938.322784057105,6959,90586797,13017.214686018106,6853,392374007,57255.80140084634,3840
MOUNT BEAUTY,2021,418000,34864885,675,51651.68148148148,550,6537227,11885.867272727273,521,26358058,50591.28214971209,3699
MOUNT CLEAR,2021,515000,,,,,,,,,,
MOUNT DANDENONG,2021,803500,54460766,713,76382.56100981767,581,13180637,22686.122203098108,535,41829462,78185.91028037384,3767
MOUNT DUNEED,2021,594500,959446395,14363,66799.86040520783,12854,196773226,15308.326279757273,12934,864112140,66809.35054894078,3217
MOUNT ELIZA,2021,1560000,1211213721,11404,106209.55112241319,9507,350102608,36825.77132639108,8093,704216410,87015.49610774743,3930
MOUNT EVELYN,2021,741000,376109768,5891,63844.80869,5017,77789085,15505.099661152082,4873,311913675,64008.552226554486,3796
MOUNT HELEN,2021,700000,,,,,,,,,,
MOUNT MACEDON,2021,610000,109155458,859,127072.71012805589,716,33805840,47214.86033519553,608,62949467,103535.30756578948,3441
MOUNT MARTHA,2021,1777500,1002411426,11962,83799.65106169537,9895,258671562,26141.643456291054,8595,623739754,72570.07027341478,3934
MOUNT PLEASANT,2021,410000,717810791,9904,72476.85692649435,8351,166026890,19881.078912705067,7945,553054842,69610.42693517936,2519
MOUNT WAVERLEY,2021,1440000,1726002147,22547,76551.29937463964,18238,425172665,23312.461070292797,16658,1260696695,75681.15590106856,3149
MULGRAVE,2021,930000,805642782,11888,67769.41302153432,9867,178600662,18100.806932198237,9548,654062774,68502.59467951403,3170
MURCHISON,2021,425000,41758157,789,52925.42078580482,643,7817553,12157.936236391914,599,32216203,53783.310517529215,3610
MURRUMBEENA,2021,1512500,1720129219,21592,79665.11758984809,18575,414147552,22295.965114401075,18104,1406855689,77709.66024083075,3163
MURTOA,2021,128000,29191620,512,57014.88281,420,6267571,14922.788095238095,381,19096517,50122.09186351706,3390
MYRTLEFORD,2021,425000,153531846,2742,55992.64989059081,2281,30073513,13184.354669004822,2145,117743737,54892.185081585085,3737
NAGAMBIE,2021,530000,100813993,1589,63444.92952,1358,21823129,16070.050810014727,1210,72744419,60119.354545454546,3608
NARRE WARREN,2021,644500,2033666111,34010,59796.122052337545,28889,403327854,13961.295095018866,28911,1746342218,60404.07519629207,3805
NARRE WARREN NORTH,2021,1275000,427460877,5350,79899.22934579439,4517,105743631,23410.14633606376,4032,279328882,69277.99652777778,3804
NARRE WARREN SOUTH,2021,700000,2033666111,34010,59796.122052337545,28889,403327854,13961.295095018866,28911,1746342218,60404.07519629207,3805
NATHALIA,2021,313500,63021012,1192,52869.976510067114,973,13082641,13445.674203494347,902,48112853,53340.19179600887,3638
NEERIM SOUTH,2021,537500,74881534,1146,65341.65270506108,936,17088200,18256.62393162393,865,51974741,60086.405780346824,3831
NELSON,2021,270000,2384246513,30385,78467.87932,26984,547390506,20285.743625852356,27241,2104847682,77267.63635696193,2765
NERRINA,2021,602500,,,,,,,,,,
NEW GISBORNE,2021,732500,118223962,1493,79185.50703281982,1250,28553333,22842.6664,1195,94548297,79119.91380753138,3438
NEWBOROUGH,2021,350000,620697059,10866,57122.86572795877,9063,121444834,13400.069954761117,8942,536850612,60036.97294,3825
NEWCOMB,2021,510000,672644651,11497,58506.10167869879,9918,130523243,13160.238253680178,9757,569611110,58379.73864917495,3219
NEWINGTON,2021,742500,1113238561,15217,73157.55806,12934,251518346,19446.292407607856,13000,1014230847,78017.75746153847,2127
NEWLANDS ARM,2021,619000,,,,,,,,,,
NEWPORT,2021,1150000,718787177,6666,107828.8594359436,5618,210077326,37393.614453542184,4928,432757890,87816.13027597402,2106
NEWSTEAD,2021,475000,414198789,7728,53597.15178571428,6496,78966445,12156.164562807882,6057,324525495,53578.58593363051,2360
NEWTOWN (GREATER GEELONG),2021,925000,,,,,,,,,,
NHILL,2021,135000,,,,,,,,,,
NICHOLS POINT,2021,540000,113582859,1796,63242.12639198218,1540,23651312,15357.994805194805,1417,88862273,62711.55469301341,3501
NIDDRIE,2021,1000000,755018651,10031,75268.53264878875,8710,172542612,19809.714351320323,8313,627389954,75470.94358234091,3042
NOBLE PARK,2021,731000,1125561334,22334,50396.76430554312,18621,193634820,10398.73368777187,19122,1011447337,52894.43243384583,3174
NOBLE PARK NORTH,2021,710000,1125561334,22334,50396.76430554312,18621,193634820,10398.73368777187,19122,1011447337,52894.43243384583,3174
NORLANE,2021,417500,568702266,11564,49178.68090626081,9836,94370874,9594.436152907687,10027,501403121,50005.29779595093,3214
NORTH BENDIGO,2021,392500,1584577792,24249,65346.10878799126,20497,346880747,16923.488656876616,19581,1180913683,60309.16107451101,3550
NORTH GEELONG,2021,650000,826498971,12706,65047.92782937195,10980,172723461,15730.734153005464,10604,682809480,64391.68992832893,3215
NORTH MELBOURNE,2021,1300500,706491273,9612,73500.96473158551,7850,167802211,21376.077834394906,8332,586082095,70341.10597695631,3051
NORTH WONTHAGGI,2021,446000,326675125,6298,51869.66100349317,5119,61131668,11942.111349873023,4665,240631855,51582.39121114684,3995
NORTHCOTE,2021,1459500,1589274492,16335,97292.59210284665,14406,421820461,29280.88719977787,13861,1229588618,88708.50717841425,3070
NOTTING HILL,2021,850000,691839399,13761,50275.372356660126,10486,129703257,12369.183387373641,11842,603475886,50960.63891234589,3168
NUMURKAH,2021,315000,155139442,2887,53737.25043297541,2441,28895433,11837.539123310118,2248,123777374,55061.109430604985,3636
NUNAWADING,2021,1000000,942749547,13830,68166.99544468547,11303,209869266,18567.57197204282,10906,781198026,71630.11424903723,3131
NYAH WEST,2021,150000,15845898,329,48163.823708206684,279,2684984,9623.598566308243,266,12314288,46294.31578947369,3595
NYORA,2021,710000,54713427,929,58894.969860064586,808,10613359,13135.345297029702,735,44615343,60701.14693877551,3987
OAK PARK,2021,960000,1357997394,21499,63165.60742,18427,276457844,15002.867748412655,18252,1198895237,65685.69126671049,3046
OAKLEIGH,2021,1696000,1132590429,15357,73750.76050009768,13093,260346026,19884.367677384864,12899,949248010,73590.82176912938,3166
OAKLEIGH EAST,2021,1000000,1132590429,15357,73750.76050009768,13093,260346026,19884.367677384864,12899,949248010,73590.82176912938,3166
OAKLEIGH SOUTH,2021,1129000,405710505,5937,68335.94492167761,4984,88603191,17777.52628410915,4952,349643059,70606.43356,3167
OCEAN GROVE,2021,862500,,,,,,,,,,
OFFICER,2021,635000,,,,,,,,,,
OFFICER SOUTH,2021,535000,,,,,,,,,,
OLINDA,2021,1050000,43382437,790,54914.47721518987,626,8940186,14281.447284345048,555,33774629,60855.187387387385,2849
OMEO,2021,270000,,,,,,,,,,
ORBOST,2021,232500,,,,,,,,,,
ORMOND,2021,1647000,1786003131,20691,86317.87400318979,17555,453565884,25836.848988892052,16768,1424123430,84931.02516698473,3204
OSBORNE,2021,925000,43664282,737,59245.97286295794,620,9428129,15206.659677419355,498,26957902,54132.333333333336,2656
OUYEN,2021,123000,,,,,,,,,,
PAKENHAM,2021,575000,,,,,,,,,,
PARADISE BEACH,2021,301000,,,,,,,,,,
PARK ORCHARDS,2021,1800500,,,,,,,,,,
PARKDALE,2021,1365000,,,,,,,,,,
PARKVILLE,2021,1546000,,,,,,,,,,
PASCOE VALE,2021,1000000,,,,,,,,,,
PASCOE VALE SOUTH,2021,1212500,,,,,,,,,,
PATTERSON GARDENS,2021,1145000,,,,,,,,,,
PATTERSON LAKES,2021,1317000,,,,,,,,,,
PAYNESVILLE,2021,399000,,,,,,,,,,
PEARCEDALE,2021,720000,,,,,,,,,,
PETERBOROUGH,2021,632500,,,,,,,,,,
PIONEER BAY,2021,319000,,,,,,,,,,
PLENTY,2021,1520000,,,,,,,,,,
POINT COOK,2021,710000,,,,,,,,,,
POINT LONSDALE,2021,1000000,,,,,,,,,,
POREPUNKAH,2021,769500,,,,,,,,,,
PORT ALBERT,2021,358000,,,,,,,,,,
PORT FAIRY,2021,755000,,,,,,,,,,
PORT FRANKLIN,2021,150000,,,,,,,,,,
PORT MELBOURNE,2021,1455000,,,,,,,,,,
PORT WELSHPOOL,2021,452500,,,,,,,,,,
PORTARLINGTON,2021,752500,,,,,,,,,,
PORTLAND,2021,315000,,,,,,,,,,
PORTLAND NORTH,2021,589500,,,,,,,,,,
PORTSEA,2021,2585000,,,,,,,,,,
PRAHRAN,2021,1560000,,,,,,,,,,
PRESTON,2021,1082500,,,,,,,,,,
PRINCES HILL,2021,1970000,,,,,,,,,,
PYRAMID HILL,2021,121500,,,,,,,,,,
QUARRY HILL,2021,470000,,,,,,,,,,
QUEENSCLIFF,2021,1655000,,,,,,,,,,
RAINBOW,2021,105000,,,,,,,,,,
RAYMOND ISLAND,2021,405000,,,,,,,,,,
RED CLIFFS,2021,272500,,,,,,,,,,
REDAN,2021,426500,,,,,,,,,,
RESEARCH,2021,1067500,,,,,,,,,,
RESERVOIR,2021,832500,,,,,,,,,,
RHYLL,2021,1132500,,,,,,,,,,
RICHMOND,2021,1330000,,,,,,,,,,
RIDDELLS CREEK,2021,728500,,,,,,,,,,
RINGWOOD,2021,950000,,,,,,,,,,
RINGWOOD EAST,2021,955000,,,,,,,,,,
RINGWOOD NORTH,2021,1075000,,,,,,,,,,
RIPPLESIDE,2021,694000,,,,,,,,,,
ROBINVALE,2021,300000,,,,,,,,,,
ROCHESTER,2021,270000,,,,,,,,,,
ROCKBANK,2021,565000,,,,,,,,,,
ROMSEY,2021,714000,,,,,,,,,,
ROSANNA,2021,1356500,,,,,,,,,,
ROSEBUD,2021,642500,,,,,,,,,,
ROSEBUD SOUTH,2021,820000,,,,,,,,,,
ROSEDALE,2021,335000,,,,,,,,,,
ROWVILLE,2021,887500,,,,,,,,,,
ROXBURGH PARK,2021,569500,,,,,,,,,,
RUPANYUP,2021,114500,,,,,,,,,,
RUSHWORTH,2021,332500,,,,,,,,,,
RUTHERGLEN,2021,365000,,,,,,,,,,
RYE,2021,954500,,,,,,,,,,
SAFETY BEACH,2021,945000,,,,,,,,,,
SAILORS GULLY,2021,294000,,,,,,,,,,
SALE,2021,365000,,,,,,,,,,
SAN REMO,2021,755000,,,,,,,,,,
SANCTUARY LAKES,2021,681000,,,,,,,,,,
SANDHURST,2021,860000,,,,,,,,,,
SANDRINGHAM,2021,1890000,,,,,,,,,,
SANDY POINT,2021,760000,,,,,,,,,,
SASSAFRAS,2021,825000,,,,,,,,,,
SAWMILL SETTLEMENT,2021,540000,,,,,,,,,,
SCORESBY,2021,880000,,,,,,,,,,
SEA LAKE,2021,155000,,,,,,,,,,
SEABROOK,2021,670000,,,,,,,,,,
SEAFORD,2021,810000,,,,,,,,,,
SEAHOLME,2021,1380000,,,,,,,,,,
SEASPRAY,2021,280000,,,,,,,,,,
SEBASTOPOL,2021,374000,,,,,,,,,,
SEDDON,2021,1050000,,,,,,,,,,
SELBY,2021,889000,,,,,,,,,,
SEVILLE,2021,710000,,,,,,,,,,
SEVILLE EAST,2021,545000,,,,,,,,,,
SEYMOUR,2021,381000,,,,,,,,,,
SHEPPARTON,2021,339500,,,,,,,,,,
SHEPPARTON NORTH,2021,362500,,,,,,,,,,
SHOREHAM,2021,1850000,,,,,,,,,,
SILVERLEAVES,2021,857000,,,,,,,,,,
SKENES CREEK,2021,735000,,,,,,,,,,
SKIPTON,2021,224500,,,,,,,,,,
SKYE,2021,691000,,,,,,,,,,
SMITHS BEACH,2021,800000,,,,,,,,,,
SMYTHESDALE,2021,,,,,,,,,,,
SOLDIERS HILL,2021,425000,,,,,,,,,,
SOMERS,2021,1547000,,,,,,,,,,
SOMERVILLE,2021,730000,,,,,,,,,,
SORRENTO,2021,1725000,,,,,,,,,,
SOUTH DUDLEY,2021,419500,,,,,,,,,,
SOUTH GEELONG,2021,1120000,,,,,,,,,,
SOUTH KINGSVILLE,2021,1080000,,,,,,,,,,
SOUTH MELBOURNE,2021,1400000,,,,,,,,,,
SOUTH MORANG,2021,667000,,,,,,,,,,
SOUTH YARRA,2021,1500000,,,,,,,,,,
SPOTSWOOD,2021,1088500,,,,,,,,,,
SPRING GULLY,2021,495000,,,,,,,,,,
SPRINGVALE,2021,860000,,,,,,,,,,
SPRINGVALE SOUTH,2021,770000,,,,,,,,,,
ST ALBANS,2021,630000,,,,,,,,,,
ST ALBANS PARK,2021,502500,,,,,,,,,,
ST ANDREWS BEACH,2021,1350000,,,,,,,,,,
ST ARNAUD,2021,207500,,,,,,,,,,
ST HELENA,2021,972000,,,,,,,,,,
ST KILDA,2021,1380500,,,,,,,,,,
ST KILDA EAST,2021,1485000,,,,,,,,,,
ST KILDA WEST,2021,1560000,,,,,,,,,,
ST LEONARDS,2021,650000,,,,,,,,,,
STANHOPE,2021,254500,,,,,,,,,,
STAWELL,2021,261000,,,,,,,,,,
STRATFORD,2021,338000,,,,,,,,,,
STRATHDALE,2021,605000,,,,,,,,,,
STRATHFIELDSAYE,2021,571500,,,,,,,,,,
STRATHMERTON,2021,265000,,,,,,,,,,
STRATHMORE,2021,1350000,,,,,,,,,,
STRATHMORE HEIGHTS,2021,1060000,,,,,,,,,,
STRATHTULLOH,2021,556000,,,,,,,,,,
STUDFIELD,2021,1051000,,,,,,,,,,
SUNBURY,2021,625000,,,,,,,,,,
SUNDERLAND BAY,2021,695000,,,,,,,,,,
SUNNYCLIFFS,2021,330000,,,,,,,,,,
SUNSET STRIP,2021,545000,,,,,,,,,,
SUNSHINE,2021,770000,,,,,,,,,,
SUNSHINE NORTH,2021,800000,,,,,,,,,,
SUNSHINE WEST,2021,722500,,,,,,,,,,
SURF BEACH,2021,690000,,,,,,,,,,
SURREY HILLS,2021,1967500,,,,,,,,,,
SWAN HILL,2021,347000,,,,,,,,,,
SWAN REACH,2021,472500,,,,,,,,,,
SYDENHAM,2021,600000,,,,,,,,,,
SYNDAL,2021,1373000,,,,,,,,,,
TALLANGATTA,2021,272500,,,,,,,,,,
TARNEIT,2021,580000,4619013832,78627,58745.89939842548,66840,890718563,13326.130505685218,67350,4161059645,61782.62279138827,3029
TATURA,2021,345000,184513637,3245,56860.90508474576,2719,36651298,13479.69768297168,2528,154559854,61139.182753164554,3616
TAWONGA SOUTH,2021,455000,38617112,617,62588.512155591576,496,8266615,16666.5625,468,27824518,59454.09829059829,3698
TAYLORS HILL,2021,760000,1876523258,29563,63475.400263843316,25370,383263281,15106.948403626331,25647,1655431851,64546.80278395134,3037
TAYLORS LAKES,2021,788500,1051135680,16242,64717.13335796084,13649,222329238,16289.049600703349,13291,878071119,66065.09058761568,3038
TECOMA,2021,740000,422813361,5598,75529.36066452305,4763,99916174,20977.571698509342,4641,329117988,70915.31738849386,3160
TEMPLESTOWE,2021,1393000,948876996,10627,89289.26282111602,8614,259833200,30164.058509403298,7262,561791505,77360.43858441201,3106
TEMPLESTOWE LOWER,2021,1290000,625812812,8440,74148.43744,6830,150458682,22029.089604685214,6133,461333976,75221.58422,3107
TERANG,2021,294000,84141810,1437,58553.79958246346,1197,17089880,14277.259816207184,1085,58869159,54257.28940092166,3264
THE BASIN,2021,810000,178423132,2669,66850.18059198202,2239,38371107,17137.609200535953,2191,148051302,67572.47923322684,3154
THE HONEYSUCKLES,2021,444000,,,,,,,,,,
THE PATCH,2021,740000,45548084,638,71391.98119122257,525,10548565,20092.504761904762,464,32860447,70819.92887931035,3792
THOMASTOWN,2021,650000,538443090,10220,52685.23385518591,8464,97360092,11502.84640831758,8325,455352817,54697.03507507507,3074
THOMSON (GREATER GEELONG),2021,426000,,,,,,,,,,
THORNBURY,2021,1300000,961197509,11788,81540.33839497794,10452,229951849,22000.750956754688,10158,795527268,78315.34435912581,3071
THORNHILL PARK,2021,612500,,,,,,,,,,
TIMBOON,2021,380000,,,,,,,,,,
TONGALA,2021,207000,69741026,1354,51507.40473,1113,12940095,11626.32075471698,1090,57414376,52673.73944954128,3621
TOONGABBIE,2021,447500,759709642,11682,65032.49803115905,9860,158059398,16030.36490872211,10165,696317297,68501.45568125922,2146
TOORA,2021,323500,504978698,10154,49731.99704549931,8532,86952042,10191.284810126583,8023,407177403,50751.265486725664,5253
TOORADIN,2021,672500,131503797,2112,62265.05539772727,1820,26492691,14556.423626373626,1720,106748963,62063.350581395345,3980
TOORAK,2021,5800000,2537826130,9371,270817.00245438056,8134,967095390,118895.42537496926,5720,652711458,114110.39475524475,3142
TOOTGAROOK,2021,748000,479712003,7557,63479.15879,6116,107316856,17546.902550686722,5148,311363920,60482.50194250194,3941
TORQUAY,2021,1000000,1919260958,34340,55889.95218404193,27957,377993779,13520.541510176343,25508,1458093544,57162.20573937588,4655
TRAFALGAR,2021,400000,203430077,3122,65160.17841127482,2568,45189772,17597.26323987539,2457,155873022,63440.383394383396,3824
TRARALGON,2021,368500,,,,,,,,,,
TRARALGON EAST,2021,685000,1248406591,18198,68601.30734146609,15649,271842074,17371.210556585087,15330,1066374330,69561.27397260274,3844
TRAVANCORE,2021,1550000,1627561339,19444,83705.06783583625,16842,404704862,24029.501365633536,16464,1296118633,78724.40676627794,3032
TRENTHAM,2021,770000,92466307,1384,66810.91546242774,1095,21343097,19491.41278538813,928,66884638,72073.96336206897,3458
TRUGANINA,2021,600000,4619013832,78627,58745.89939842548,66840,890718563,13326.130505685218,67350,4161059645,61782.62279138827,3029
TULLAMARINE,2021,700000,619511796,9976,62100.22012830794,8453,125316355,14825.07452975275,8228,534584916,64971.428779776375,3043
TYABB,2021,600000,149975000,2230,67253.36322869956,1862,33475098,17978.03329752954,1711,107686623,62937.82759,3913
UPPER FERNTREE GULLY,2021,737000,1601486177,23643,67736.16618026477,20075,347731645,17321.62615193026,19726,1333084832,67580.08881679003,3156
UPWEY,2021,822500,289674003,4266,67902.95428973278,3558,63110618,17737.666666666668,3527,249059157,70615.01474,3158
VENTNOR,2021,655000,299525857,5509,54370.27718,4396,59163863,13458.567561419472,3847,206551759,53691.645178060826,3922
VENUS BAY,2021,478000,91761108,1630,56295.15828220859,1272,19503165,15332.676886792453,1017,54985665,54066.53392330383,3956
VERMONT,2021,1000000,977333160,14025,69685.07379679145,11172,225891935,20219.471446473326,10445,760437244,72803.94868358066,3133
VERMONT SOUTH,2021,1300000,977333160,14025,69685.07379679145,11172,225891935,20219.471446473326,10445,760437244,72803.94868358066,3133
VIEWBANK,2021,1099000,1508014256,16695,90327.29895178197,14080,395694688,28103.31590909091,12948,1101123305,85041.96053444548,3084
VIOLET TOWN,2021,290000,42633615,801,53225.486891385764,607,8765254,14440.28665568369,513,29048277,56624.32164,3669
WAHGUNYAH,2021,365000,37210225,633,58783.92575039494,540,7298692,13516.096296296297,503,30097017,59835.02385685885,3687
WALKERVILLE,2021,449000,757523319,6519,116202.38057984354,5663,227169493,40114.69062334452,4608,375825656,81559.38715277778,5081
WALLAN,2021,550000,612806848,9720,63045.97202,8525,122972780,14424.959530791788,8378,536718891,64062.88983050847,3756
WALLAN EAST,2021,555000,,,,,,,,,,
WANDANA HEIGHTS,2021,925000,2461593846,36333,67750.91090743952,30522,543923665,17820.70850534041,29467,1939279193,65811.89781789799,3216
WANDIN NORTH,2021,702000,554614943,8835,62774.753027730614,7535,115765717,15363.731519575314,7082,429988223,60715.64854560859,3139
WANGARATTA,2021,383000,134067491,2208,60718.97237318841,1899,26890244,14160.212743549237,1705,102264160,59978.97947214076,4806
WANTIRNA,2021,1020000,1411364530,21669,65132.887073699756,17538,307821859,17551.708233550005,16912,1161278284,68665.93448438979,3152
WANTIRNA SOUTH,2021,1078000,1411364530,21669,65132.887073699756,17538,307821859,17551.708233550005,16912,1161278284,68665.93448438979,3152
WARBURTON,2021,590000,41579582,502,82827.85258964144,431,11373388,26388.371229698376,369,20950627,56776.766937669374,4823
WARNEET,2021,580000,131503797,2112,62265.05539772727,1820,26492691,14556.423626373626,1720,106748963,62063.350581395345,3980
WARRACKNABEAL,2021,182500,93603575,1425,65686.71929824562,1198,21270812,17755.26878130217,1028,52274205,50850.39397,3393
WARRAGUL,2021,540000,790514595,12234,64616.20034330554,10321,168175413,16294.488227884895,9800,620488066,63315.108775510205,3820
WARRANDYTE,2021,1018000,531490250,5502,96599.46383133405,4566,147412942,32284.9194,4082,330609774,80992.10534051935,3113
WARRANWOOD,2021,1050000,1580982536,21432,73767.38223217618,17968,369520579,20565.481912288513,17409,1259698083,72359.01447527141,3134
WARRNAMBOOL,2021,450000,1252517270,20507,61077.54766665041,17606,254517984,14456.320799727366,16678,967409751,58005.14156373666,3280
WATERWAYS,2021,1560500,1878124210,23164,81079.44266965982,19762,455902876,23069.672907600445,18885,1503287284,79602.18607360339,3195
WATSONIA,2021,805000,378124244,5339,70823.04626,4539,82924012,18269.22493941397,4402,326624746,74199.16992276238,3087
WATSONIA NORTH,2021,1070000,378124244,5339,70823.04626,4539,82924012,18269.22493941397,4402,326624746,74199.16992276238,3087
WATTLE GLEN,2021,826000,87292529,1213,71964.16240725474,1023,20061074,19610.043010752688,961,67146960,69871.96670135275,3096
WAURN PONDS,2021,718000,2461593846,36333,67750.91090743952,30522,543923665,17820.70850534041,29467,1939279193,65811.89781789799,3216
WEDDERBURN,2021,155000,2651171554,44737,59261.27263786128,38030,515911250,13565.901919537208,38857,2393716927,61603.23563321924,2560
WEIR VIEWS,2021,530000,,,,,,,,,,
WENDOUREE,2021,416500,367141146,6462,56815.40482822656,5400,72925631,13504.746481481481,5220,291650589,55871.760344827584,3355
WENDOUREE WEST,2021,326000,,,,,,,,,,
WERRIBEE,2021,531000,5074195666,72177,70302.11377585657,62045,1121254999,18071.641534370214,62010,4403558129,71013.67729398485,3030
WERRIBEE SOUTH,2021,810000,5074195666,72177,70302.11377585657,62045,1121254999,18071.641534370214,62010,4403558129,71013.67729398485,3030
WEST FOOTSCRAY,2021,930000,1225864394,17039,71944.62081108046,14951,268053312,17928.788174704034,15005,1094898742,72968.92649116961,3012
WEST MELBOURNE,2021,1310000,420393622,5911,71120.55861952293,4946,97060203,19623.979579458148,5297,363112069,68550.51330942042,3003
WEST WODONGA,2021,407000,1216872930,20652,58922.764381173736,17772,236083825,13284.032466801711,17337,1015169487,58555.08375,3690
WESTALL,2021,760000,,,,,,,,,,
WESTGARTH,2021,1725000,,,,,,,,,,
WESTMEADOWS,2021,660000,373844433,5825,64179.30180257511,4997,77099323,15429.122073243947,4934,327057426,66286.46655857317,3049
WHEELERS HILL,2021,1331000,2831328954,39124,72368.08490951845,30631,694715527,22680.145179719893,27492,1957187112,71191.15058926232,3150
WHITE HILLS,2021,400000,59324885,613,96777.95269168026,528,16182576,30648.81818181818,436,32889961,75435.69036697247,7258
WHITTINGTON,2021,436000,672644651,11497,58506.10167869879,9918,130523243,13160.238253680178,9757,569611110,58379.73864917495,3219
WHITTLESEA,2021,615000,360515408,5351,67373.46439917773,4554,79306409,17414.67039964866,4287,281758768,65723.99533473291,3757
WILLIAMS LANDING,2021,680000,431633208,6135,70355.86112469438,5245,94961956,18105.234699714012,5285,389965792,73787.28325449386,3027
WILLIAMSTOWN,2021,1402500,241174380,3760,64142.12234042553,3232,49524620,15323.211633663366,3037,190638401,62771.94632861376,5351
WILLIAMSTOWN NORTH,2021,1300000,1095054367,10236,106980.69236029699,8723,310809161,35630.99403874814,7954,750717369,94382.36975106865,3016
WIMBLEDON HEIGHTS,2021,505000,299525857,5509,54370.27718,4396,59163863,13458.567561419472,3847,206551759,53691.645178060826,3922
WINCHELSEA,2021,517000,112423174,1886,59609.31813361612,1559,22977159,14738.395766516998,1454,85111516,58536.118294360385,3241
WINDSOR,2021,1805000,1124023907,12513,89828.49092943339,11212,286605318,25562.37227970032,10889,893704090,82074.02791808247,4030
WINTER VALLEY,2021,525000,,,,,,,,,,
WODONGA,2021,395000,1216872930,20652,58922.764381173736,17772,236083825,13284.032466801711,17337,1015169487,58555.08375,3690
WOLLERT,2021,592000,860835667,14406,59755.35658753297,12502,166287425,13300.865861462165,12475,772331402,61910.332825651305,3750
WONGA PARK,2021,888000,294474707,2625,112180.84076190476,2226,87849788,39465.31356693621,1989,156356946,78610.83257918552,3115
WONTHAGGI,2021,489000,326675125,6298,51869.66100349317,5119,61131668,11942.111349873023,4665,240631855,51582.39121114684,3995
WOODEND,2021,726500,2107303034,35920,58666.565534521156,30899,403437439,13056.650344671349,30785,1868949306,60709.73870391424,4305
WOOLAMAI WATERS,2021,625000,,,,,,,,,,
WOORI YALLOCK,2021,550000,554614943,8835,62774.753027730614,7535,115765717,15363.731519575314,7082,429988223,60715.64854560859,3139
WURRUK,2021,405000,555589644,8603,64580.91874927351,7293,119035286,16321.854655148773,6964,441693973,63425.32639287766,3850
WY YUNG,2021,639000,,,,,,,,,,
WYCHEPROOF,2021,205000,22306922,438,50929.045662100456,359,4375480,12187.966573816157,282,14779200,52408.51063829787,3527
WYNDHAM VALE,2021,515000,1323940404,20746,63816.65882579774,17986,266794993,14833.481207605915,18635,1239248279,66501.11505,3024
YACKANDANDAH,2021,712500,83058331,1281,64838.665886026545,1071,17859098,16675.16153127918,956,60262473,63036.05962343096,3749
YALLAMBIE,2021,900000,657589268,8447,77848.85379424648,7102,156897194,22091.973246972684,6846,538164882,78610.12007011393,3085
YALLOURN NORTH,2021,224000,,,,,,,,,,
YARRA GLEN,2021,650000,175184313,2528,69297.59216772152,2131,39378148,18478.71797278273,1942,129905409,66892.58959835222,3775
YARRA JUNCTION,2021,601500,115199405,2059,55949.201068479844,1668,22343525,13395.398681055156,1633,93627434,57334.619718309856,3797
YARRAGON,2021,447500,77243084,1301,59372.086087624906,1077,15653369,14534.233054781802,974,60319414,61929.583162217656,3823
YARRAM,2021,343000,110189544,2259,48778.01859229748,1778,20581561,11575.681102362205,1610,86534369,53748.05528,3971
YARRAVILLE,2021,1017500,902192778,9573,94243.47414603573,8584,231327433,26948.67579217148,8354,767340983,91853.12221690208,3013
YARRAWONGA,2021,539500,814219769,11340,71800.68509700177,10233,173214855,16927.08443271768,10290,746851124,72580.28415937803,830
YEA,2021,515000,101388085,1835,55252.362397820165,1452,20141265,13871.394628099173,1272,73010446,57398.14937106918,3717
YINNAR,2021,465000,75611316,1140,66325.71578947369,959,16784987,17502.593326381648,916,65811923,71847.07751091704,3869
